Seguridad,Símbolo,Sector GICS,Ubicación de la sede,Fundada
3M,MMM,Industriales,"Saint Paul, Minnesota",1902
A. O. Smith,AOS,Industriales,"Milwaukee, Wisconsin",1916
Abbott,ABT,Cuidado de Salud,"North Chicago, Illinois",1888
AbbVie,ABBV,Cuidado de Salud,"North Chicago, Illinois",2013 (1888)
Accenture,ACN,Tecnología Informática,"Dublin, Ireland",1989
Activision Blizzard,ATVI,Servicios de Comunicación,"Santa Monica, California",2008
ADM,ADM,Productos básicos,"Chicago, Illinois",1902
Adobe Inc.,ADBE,Tecnología Informática,"San Jose, California",1982
ADP,ADP,Tecnología Informática,"Roseland, New Jersey",1949
Advance Auto Parts,AAP,Consumo Discrecional,"Raleigh, North Carolina",1932
AES Corporation,AES,Utilidades,"Arlington, Virginia",1981
Aflac,AFL,Finanzas,"Columbus, Georgia",1955
Agilent Technologies,A,Cuidado de Salud,"Santa Clara, California",1999
Air Products and Chemicals,APD,Materiales,"Allentown, Pensilvania",1940
Akamai,AKAM,Tecnología Informática,"Cambridge, Massachusetts",1998
Alaska Air Group,ALK,Industriales,"SeaTac, Washington",1985
Albemarle Corporation,ALB,Materiales,"Charlotte, North Carolina",1994
Alexandria Real Estate Equities,ARE,Bienes Raíces,"Pasadena, California",1994
Align Technology,ALGN,Cuidado de Salud,"Tempe, Arizona",1997
Allegion,ALLE,Industriales,"New York City, New York",1908
Alliant Energy,LNT,Utilidades,"Madison, Wisconsin",1917
Allstate,ALL,Finanzas,"Northfield Township, Illinois",1931
Alphabet Inc. (Class A),GOOGL,Servicios de Comunicación,"Mountain View, California",1998
Alphabet Inc. (Class C),GOOG,Servicios de Comunicación,"Mountain View, California",1998
Altria,MO,Productos básicos,"Richmond, Virginia",1985
Amazon,AMZN,Consumo Discrecional,"Seattle, Washington",1994
Amcor,AMCR,Materiales,"Warmley, Bristol, United Kingdom",2019 (1860)
AMD,AMD,Tecnología Informática,"Santa Clara, California",1969
Ameren,AEE,Utilidades,"St. Louis, Missouri",1902
American Airlines Group,AAL,Industriales,"Fort Worth, Texas",1934
American Electric Power,AEP,Utilidades,"Columbus, Ohio",1906
American Express,AXP,Finanzas,"New York City, New York",1850
American International Group,AIG,Finanzas,"New York City, New York",1919
American Tower,AMT,Bienes Raíces,"Boston, Massachusetts",1995
American Water Works,AWK,Utilidades,"Camden, New Jersey",1886
Ameriprise Financial,AMP,Finanzas,"Minneapolis, Minnesota",1894
AmerisourceBergen,ABC,Cuidado de Salud,"Conshohocken, Pennsylvania",1985
Ametek,AME,Industriales,"Berwyn, Pennsylvania",1930
Amgen,AMGN,Cuidado de Salud,"Thousand Oaks, California",1980
Amphenol,APH,Tecnología Informática,"Wallingford, Connecticut",1932
Analog Devices,ADI,Tecnología Informática,"Wilmington, Massachusetts",1965
Ansys,ANSS,Tecnología Informática,"Canonsburg, Pennsylvania",1969
Aon,AON,Finanzas,"London, UK",1982 (1919)
APA Corporation,APA,Energía,"Houston, Texas",1954
Apple Inc.,AAPL,Tecnología Informática,"Cupertino, California",1977
Applied Materials,AMAT,Tecnología Informática,"Santa Clara, California",1967
Aptiv,APTV,Consumo Discrecional,"Dublin, Ireland",1994
Arch Capital Group,ACGL,Finanzas,"Hamilton, Bermuda",1995
Arista Networks,ANET,Tecnología Informática,"Santa Clara, California",2004
Arthur J. Gallagher & Co.,AJG,Finanzas,"Rolling Meadows, Illinois",1927
Assurant,AIZ,Finanzas,"New York City, New York",1892
AT&T,T,Servicios de Comunicación,"Dallas, Texas",1983 (1885)
Atmos Energy,ATO,Utilidades,"Dallas, Texas",1906
Autodesk,ADSK,Tecnología Informática,"San Francisco, California",1982
AutoZone,AZO,Consumo Discrecional,"Memphis, Tennessee",1979
AvalonBay Communities,AVB,Bienes Raíces,"Arlington, Virginia",1978
Avery Dennison,AVY,Materiales,"Glendale, California",1990
Baker Hughes,BKR,Energía,"Houston, Texas",2017
Ball Corporation,BALL,Materiales,"Broomfield, Colorado",1880
Bank of America,BAC,Finanzas,"Charlotte, North Carolina",1998 (1923 / 1874)
"Bath & Body Works, Inc.",BBWI,Consumo Discrecional,"Columbus, Ohio",1963
Baxter International,BAX,Cuidado de Salud,"Deerfield, Illinois",1931
Becton Dickinson,BDX,Cuidado de Salud,"Franklin Lakes, New Jersey",1897
Berkley,WRB,Finanzas,"Greenwich, Connecticut",1967
Berkshire Hathaway,BRK.B,Finanzas,"Omaha, Nebraska",1839
Best Buy,BBY,Consumo Discrecional,"Richfield, Minnesota",1966
Bio-Rad,BIO,Cuidado de Salud,"Hercules, California",1952
Bio-Techne,TECH,Cuidado de Salud,"Minneapolis, Minnesota",1976
Biogen,BIIB,Cuidado de Salud,"Cambridge, Massachusetts",1978
BlackRock,BLK,Finanzas,"New York City, New York",1988
BNY Mellon,BK,Finanzas,"New York City, New York",1784
Boeing,BA,Industriales,"Chicago, Illinois",1916
Booking Holdings,BKNG,Consumo Discrecional,"Norwalk, Connecticut",1996
BorgWarner,BWA,Consumo Discrecional,"Auburn Hills, Michigan",1880
Boston Properties,BXP,Bienes Raíces,"Boston, Massachusetts",1970
Boston Scientific,BSX,Cuidado de Salud,"Marlborough, Massachusetts",1979
Bristol Myers Squibb,BMY,Cuidado de Salud,"New York City, New York",1989 (1887)
Broadcom Inc.,AVGO,Tecnología Informática,"San Jose, California",1961
Broadridge Financial Solutions,BR,Tecnología Informática,"Lake Success, New York",1962
Brown & Brown,BRO,Finanzas,"Daytona Beach, Florida",1939
Brown–Forman,BF.B,Productos básicos,"Louisville, Kentucky",1870
C.H. Robinson,CHRW,Industriales,"Eden Prairie, Minnesota",1905
Cadence Design Systems,CDNS,Tecnología Informática,"San Jose, California",1988
Caesars Entertainment,CZR,Consumo Discrecional,"Reno, Nevada",1973
Camden Property Trust,CPT,Bienes Raíces,"Houston, Texas",1981
Campbell Soup Company,CPB,Productos básicos,"Camden, New Jersey",1869
Capital One,COF,Finanzas,"Tysons Corner, Virginia",1994
Cardinal Health,CAH,Cuidado de Salud,"Dublin, Ohio",1971
CarMax,KMX,Consumo Discrecional,"Richmond, Virginia",1993
Carnival,CCL,Consumo Discrecional,"Miami, Florida",1972
Carrier Global,CARR,Industriales,"Palm Beach Gardens, Florida",2020 (1915)
Catalent,CTLT,Cuidado de Salud,"Somerset, New Jersey",2007
Caterpillar Inc.,CAT,Industriales,"Irving, Texas",1925
Cboe Global Markets,CBOE,Finanzas,"Chicago, Illinois",1973
CBRE Group,CBRE,Bienes Raíces,"Dallas, Texas",1906
CDW,CDW,Tecnología Informática,"Lincolnshire, Illinois",1984
Celanese,CE,Materiales,"Irving, Texas",1918
Centene Corporation,CNC,Cuidado de Salud,"St. Louis, Missouri",1984
CenterPoint Energy,CNP,Utilidades,"Houston, Texas",1882
Ceridian,CDAY,Tecnología Informática,"Minneapolis, Minnesota",1992
CF Industries,CF,Materiales,"Deerfield, Illinois",1946
Charles River Laboratories,CRL,Cuidado de Salud,"Wilmington, Massachusetts",1947
Charles Schwab Corporation,SCHW,Finanzas,"Westlake, Texas",1971
Charter Communications,CHTR,Servicios de Comunicación,"Stamford, Connecticut",1993
Chevron Corporation,CVX,Energía,"San Ramon, California",1879
Chipotle Mexican Grill,CMG,Consumo Discrecional,"Newport Beach, California",1993
Chubb Limited,CB,Finanzas,"Zurich, Switzerland",1985
Church & Dwight,CHD,Productos básicos,"Ewing, New Jersey",1847
Cigna,CI,Cuidado de Salud,"Bloomfield, Connecticut",1982
Cincinnati Financial,CINF,Finanzas,"Fairfield, Ohio",1950
Cintas,CTAS,Industriales,"Mason, Ohio",1929
Cisco,CSCO,Tecnología Informática,"San Jose, California",1984
Citigroup,C,Finanzas,"New York City, New York",1998
Citizens Financial Group,CFG,Finanzas,"Providence, Rhode Island",1828
Clorox,CLX,Productos básicos,"Oakland, California",1913
CME Group,CME,Finanzas,"Chicago, Illinois",1848
CMS Energy,CMS,Utilidades,"Jackson, Michigan",1886
The Coca-Cola Company,KO,Productos básicos,"Atlanta, Georgia",1886
Cognizant,CTSH,Tecnología Informática,"Teaneck, New Jersey",1994
Colgate-Palmolive,CL,Productos básicos,"New York City, New York",1806
Comcast,CMCSA,Servicios de Comunicación,"Philadelphia, Pennsylvania",1963
Comerica,CMA,Finanzas,"Dallas, Texas",1849
ConAgra Foods,CAG,Productos básicos,"Chicago, Illinois",1919
ConocoPhillips,COP,Energía,"Houston, Texas",2002
Consolidated Edison,ED,Utilidades,"New York City, New York",1823
Constellation Brands,STZ,Productos básicos,"Victor, New York",1945
Constellation Energy,CEG,Utilidades,"Baltimore, Maryland",1999
CooperCompanies,COO,Cuidado de Salud,"San Ramon, California",1958
Copart,CPRT,Industriales,"Dallas, Texas",1982
Corning Inc.,GLW,Tecnología Informática,"Corning, New York",1851
Corteva,CTVA,Materiales,"Indianapolis, Indiana",2019
CoStar Group,CSGP,Industriales,Washington D. C.,1987
Costco,COST,Productos básicos,"Issaquah, Washington",1976
Coterra,CTRA,Energía,"Houston, Texas",2021 (1989)
Crown Castle,CCI,Bienes Raíces,"Houston, Texas",1994
CSX,CSX,Industriales,"Jacksonville, Florida",1980
Cummins,CMI,Industriales,"Columbus, Indiana",1919
CVS Health,CVS,Cuidado de Salud,"Woonsocket, Rhode Island",1996
D.R. Horton,DHI,Consumo Discrecional,"Arlington, Texas",1978
Danaher Corporation,DHR,Cuidado de Salud,Washington D. C.,1969
Darden Restaurants,DRI,Consumo Discrecional,"Orlando, Florida",1938
DaVita Inc.,DVA,Cuidado de Salud,"Denver, Colorado",1979
John Deere,DE,Industriales,"Moline, Illinois",1837
Delta Air Lines,DAL,Industriales,"Atlanta, Georgia",1929
Dentsply Sirona,XRAY,Cuidado de Salud,"Charlotte, North Carolina",2016 (1969)
Devon Energy,DVN,Energía,"Oklahoma City, Oklahoma",1971
Dexcom,DXCM,Cuidado de Salud,"San Diego, California",1999
Diamondback Energy,FANG,Energía,"Midland, Texas",2007
Digital Realty,DLR,Bienes Raíces,"Austin, Texas",2004
Discover Financial,DFS,Finanzas,"Riverwoods, Illinois",1985
Dish Network,DISH,Servicios de Comunicación,"Meridian, Colorado",1980
Disney,DIS,Servicios de Comunicación,"Burbank, California",1923
Dollar General,DG,Consumo Discrecional,"Goodlettsville, Tennessee",1939
Dollar Tree,DLTR,Consumo Discrecional,"Chesapeake, Virginia",1986
Dominion Energy,D,Utilidades,"Richmond, Virginia",1983
Domino's,DPZ,Consumo Discrecional,"Ann Arbor, Michigan",1960
Dover Corporation,DOV,Industriales,"Downers Grove, Illinois",1955
Dow Inc.,DOW,Materiales,"Midland, Michigan",2019
DTE Energy,DTE,Utilidades,"Detroit, Michigan",1995
Duke Energy,DUK,Utilidades,"Charlotte, North Carolina",1904
DuPont,DD,Materiales,"Wilmington, Delaware",2017
DXC Technology,DXC,Tecnología Informática,"Tysons Corner, Virginia",2017
Eastman Chemical Company,EMN,Materiales,"Kingsport, Tennessee",1920
Eaton Corporation,ETN,Industriales,"Dublin, Ireland",1911
eBay,EBAY,Consumo Discrecional,"San Jose, California",1995
Ecolab,ECL,Materiales,"Saint Paul, Minnesota",1923
Edison International,EIX,Utilidades,"Rosemead, California",1886
Edwards Lifesciences,EW,Cuidado de Salud,"Irvine, California",1958
Electronic Arts,EA,Servicios de Comunicación,"Redwood City, California",1982
Elevance Health,ELV,Cuidado de Salud,"Indianapolis, Indiana",2014 (1946)
Eli Lilly and Company,LLY,Cuidado de Salud,"Indianapolis, Indiana",1876
Emerson Electric,EMR,Industriales,"Ferguson, Missouri",1890
Enphase,ENPH,Tecnología Informática,"Fremont, California",2006
Entergy,ETR,Utilidades,"New Orleans, Louisiana",1913
EOG Resources,EOG,Energía,"Houston, Texas",1999
EPAM Systems,EPAM,Tecnología Informática,"Newtown, Pennsylvania",1993
EQT,EQT,Energía,"Pittsburgh, Pennsylvania",1888
Equifax,EFX,Industriales,"Atlanta, Georgia",1899
Equinix,EQIX,Bienes Raíces,"Redwood City, California",1998
Equity Residential,EQR,Bienes Raíces,"Chicago, Illinois",1969
Essex Property Trust,ESS,Bienes Raíces,"San Mateo, California",1971
The Estée Lauder Companies,EL,Productos básicos,"New York City, New York",1946
Etsy,ETSY,Consumo Discrecional,"New York City, New York",2005
Everest Re,RE,Finanzas,"Hamilton, Bermuda",1973
Evergy,EVRG,Utilidades,"Kansas City, Missouri",1909
Eversource,ES,Utilidades,"Hartford, Connecticut",1966
Exelon,EXC,Utilidades,"Chicago, Illinois",2000
Expedia Group,EXPE,Consumo Discrecional,"Seattle, Washington",1996
Expeditors International,EXPD,Industriales,"Seattle, Washington",1979
Extra Space Storage,EXR,Bienes Raíces,"Salt Lake City, Utah",1977
ExxonMobil,XOM,Energía,"Irving, Texas",1999
"F5, Inc.",FFIV,Tecnología Informática,"Seattle, Washington",1996
FactSet,FDS,Finanzas,"Norwalk, Connecticut",1978
Fastenal,FAST,Industriales,"Winona, Minnesota",1967
Federal Realty,FRT,Bienes Raíces,"Rockville, Maryland",1962
FedEx,FDX,Industriales,"Memphis, Tennessee",1971
Fifth Third Bank,FITB,Finanzas,"Cincinnati, Ohio",1858
First Republic Bank,FRC,Finanzas,"San Francisco, California",1985
First Solar,FSLR,Tecnología Informática,"Tempe, Arizona",1999
FirstEnergy,FE,Utilidades,"Akron, Ohio",1997
FIS,FIS,Tecnología Informática,"Jacksonville, Florida",1968
Fiserv,FISV,Tecnología Informática,"Brookfield, Wisconsin",1984
Fleetcor,FLT,Tecnología Informática,"Atlanta, Georgia",2000
FMC Corporation,FMC,Materiales,"Philadelphia, Pennsylvania",1883
Ford Motor Company,F,Consumo Discrecional,"Dearborn, Michigan",1903
Fortinet,FTNT,Tecnología Informática,"Sunnyvale, California",2000
Fortive,FTV,Industriales,"Everett, Washington",2016
Fox Corporation (Class A),FOXA,Servicios de Comunicación,"New York City, New York",2019
Fox Corporation (Class B),FOX,Servicios de Comunicación,"New York City, New York",2019
Franklin Templeton,BEN,Finanzas,"San Mateo, California",1947
Freeport-McMoRan,FCX,Materiales,"Phoenix, Arizona",1912
Garmin,GRMN,Consumo Discrecional,"Schaffhausen, Switzerland",1989
Gartner,IT,Tecnología Informática,"Stamford, Connecticut",1979
GE HealthCare,GEHC,Cuidado de Salud,"Chicago, Illinois",1994
Gen Digital,GEN,Tecnología Informática,"Tempe, Arizona",1982
Generac,GNRC,Industriales,"Waukesha, Wisconsin",1959
General Dynamics,GD,Industriales,"Falls Church, Virginia",1899
General Electric,GE,Industriales,"Boston, Massachusetts",1892
General Mills,GIS,Productos básicos,"Golden Valley, Minnesota",1856
General Motors,GM,Consumo Discrecional,"Detroit, Michigan",1908
Genuine Parts Company,GPC,Consumo Discrecional,"Atlanta, Georgia",1925
Gilead Sciences,GILD,Cuidado de Salud,"Foster City, California",1987
Globe Life,GL,Finanzas,"McKinney, Texas",1900
Global Payments,GPN,Tecnología Informática,"Atlanta, Georgia",2000
Goldman Sachs,GS,Finanzas,"New York City, New York",1869
Halliburton,HAL,Energía,"Houston, Texas",1919
Hartford (The),HIG,Finanzas,"Hartford, Connecticut",1810
Hasbro,HAS,Consumo Discrecional,"Pawtucket, Rhode Island",1923
HCA Healthcare,HCA,Cuidado de Salud,"Nashville, Tennessee",1968
Healthpeak,PEAK,Bienes Raíces,"Long Beach, California",1985
Henry Schein,HSIC,Cuidado de Salud,"Melville, New York",1932
Hershey's,HSY,Productos básicos,"Hershey, Pennsylvania",1894
Hess Corporation,HES,Energía,"New York City, New York",1919
Hewlett Packard Enterprise,HPE,Tecnología Informática,"Houston, Texas",2015
Hilton Worldwide,HLT,Consumo Discrecional,"Tysons Corner, Virginia",1919
Hologic,HOLX,Cuidado de Salud,"Marlborough, Massachusetts",1985
The Home Depot,HD,Consumo Discrecional,"Atlanta, Georgia",1978
Honeywell,HON,Industriales,"Charlotte, North Carolina",1906
Hormel Foods,HRL,Productos básicos,"Austin, Minnesota",1891
Host Hotels & Resorts,HST,Bienes Raíces,"Bethesda, Maryland",1993
Howmet Aerospace,HWM,Industriales,"Pittsburgh, Pennsylvania",2016
HP Inc.,HPQ,Tecnología Informática,"Palo Alto, California",1939 (2015)
Humana,HUM,Cuidado de Salud,"Louisville, Kentucky",1961
Huntington Bancshares,HBAN,Finanzas,"Columbus, Ohio; Detroit, Michigan",1866
Huntington Ingalls Industries,HII,Industriales,"Newport News, Virginia",2011
IBM,IBM,Tecnología Informática,"Armonk, New York",1911
IDEX Corporation,IEX,Industriales,"Lake Forest, Illinois",1988
Idexx Laboratories,IDXX,Cuidado de Salud,"Westbrook, Maine",1983
Illinois Tool Works,ITW,Industriales,"Glenview, Illinois",1912
Illumina,ILMN,Cuidado de Salud,"San Diego, California",1998
Incyte,INCY,Cuidado de Salud,"Wilmington, Delaware",1991
Ingersoll Rand,IR,Industriales,"Davidson, North Carolina",1859
Intel,INTC,Tecnología Informática,"Santa Clara, California",1968
Intercontinental Exchange,ICE,Finanzas,"Atlanta, Georgia",2000
International Paper,IP,Materiales,"Memphis, Tennessee",1898
The Interpublic Group of Companies,IPG,Servicios de Comunicación,"New York City, New York",1961 (1930)
International Flavors & Fragrances,IFF,Materiales,"New York City, New York",1958 (1889)
Intuit,INTU,Tecnología Informática,"Mountain View, California",1983
Intuitive Surgical,ISRG,Cuidado de Salud,"Sunnyvale, California",1995
Invesco,IVZ,Finanzas,"Atlanta, Georgia",1935
Invitation Homes,INVH,Bienes Raíces,"Dallas, Texas",2012
IQVIA,IQV,Cuidado de Salud,"Durham, North Carolina",1982
Iron Mountain,IRM,Bienes Raíces,"Boston, Massachusetts",1951
J.B. Hunt,JBHT,Industriales,"Lowell, Arkansas",1961
Jack Henry & Associates,JKHY,Tecnología Informática,"Monett, Missouri",1976
Jacobs Solutions,J,Industriales,"Dallas, Texas",1947
Johnson & Johnson,JNJ,Cuidado de Salud,"New Brunswick, New Jersey",1886
Johnson Controls,JCI,Industriales,"Cork, Ireland",1885
JP Morgan Chase,JPM,Finanzas,"New York City, New York",2000 (1799 / 1871)
Juniper Networks,JNPR,Tecnología Informática,"Sunnyvale, California",1996
Kellogg's,K,Productos básicos,"Battle Creek, Michigan",1906
Keurig Dr Pepper,KDP,Productos básicos,"Burlington, Massachusetts",1981
KeyCorp,KEY,Finanzas,"Cleveland, Ohio",1825
Keysight,KEYS,Tecnología Informática,"Santa Rosa, California",2014 (1939)
Kimberly-Clark,KMB,Productos básicos,"Irving, Texas",1872
Kimco Realty,KIM,Bienes Raíces,"New Hyde Park, New York",1958
Kinder Morgan,KMI,Energía,"Houston, Texas",1997
KLA Corporation,KLAC,Tecnología Informática,"Milpitas, California",1975/1977 (1997)
Kraft Heinz,KHC,Productos básicos,"Chicago, Illinois; Pittsburgh, Pennsylvania",2015 (1869)
Kroger,KR,Productos básicos,"Cincinnati, Ohio",1883
L3Harris,LHX,Industriales,"Melbourne, Florida",2019 (1895)
LabCorp,LH,Cuidado de Salud,"Burlington, North Carolina",1978
Lam Research,LRCX,Tecnología Informática,"Fremont, California",1980
Lamb Weston,LW,Productos básicos,"Eagle, Idaho",2016 (1950)
Las Vegas Sands,LVS,Consumo Discrecional,"Las Vegas, Nevada",1988
Leidos,LDOS,Industriales,"Reston, Virginia",1969
Lennar,LEN,Consumo Discrecional,"Miami, Florida",1954
Lincoln Financial,LNC,Finanzas,"Radnor, Pennsylvania",1905
Linde plc,LIN,Materiales,"Guildford, United Kingdom",1879
Live Nation Entertainment,LYV,Servicios de Comunicación,"Beverly Hills, California",2010
LKQ Corporation,LKQ,Consumo Discrecional,"Chicago, Illinois",1998
Lockheed Martin,LMT,Industriales,"Bethesda, Maryland",1995
Loews Corporation,L,Finanzas,"New York City, New York",1959
Lowe's,LOW,Consumo Discrecional,"Mooresville, North Carolina",1904/1946/1959
Lumen Technologies,LUMN,Servicios de Comunicación,"Monroe, Louisiana",1983 (1877)
LyondellBasell,LYB,Materiales,"Rotterdam, Netherlands",2007
M&T Bank,MTB,Finanzas,"Buffalo, New York",1856
Marathon Oil,MRO,Energía,"Houston, Texas",1887
Marathon Petroleum,MPC,Energía,"Findlay, Ohio",2009 (1887)
MarketAxess,MKTX,Finanzas,"New York City, New York",2000
Marriott International,MAR,Consumo Discrecional,"Bethesda, Maryland",1927
Marsh McLennan,MMC,Finanzas,"New York City, New York",1905
Martin Marietta Materials,MLM,Materiales,"Raleigh, North Carolina",1993
Masco,MAS,Industriales,"Livonia, Michigan",1929
Mastercard,MA,Tecnología Informática,"Harrison, New York",1966
Match Group,MTCH,Servicios de Comunicación,"Dallas, Texas",1986
McCormick Company,MKC,Productos básicos,"Hunt Valley, Maryland",1889
McDonald's,MCD,Consumo Discrecional,"Chicago, Illinois",1940
McKesson,MCK,Cuidado de Salud,"Irving, Texas",1833
Medtronic,MDT,Cuidado de Salud,"Dublin, Ireland",1949
Merck & Co.,MRK,Cuidado de Salud,"Kenilworth, New Jersey",1891
Meta Platforms,META,Servicios de Comunicación,"Menlo Park, California",2004
MetLife,MET,Finanzas,"New York City, New York",1868
Mettler Toledo,MTD,Cuidado de Salud,"Columbus, Ohio",1945
MGM Resorts,MGM,Consumo Discrecional,"Paradise, Nevada",1986
Microchip Technology,MCHP,Tecnología Informática,"Chandler, Arizona",1989
Micron Technology,MU,Tecnología Informática,"Boise, Idaho",1978
Microsoft,MSFT,Tecnología Informática,"Redmond, Washington",1975
Mid-America Apartment Communities,MAA,Bienes Raíces,"Memphis, Tennessee",1977
Moderna,MRNA,Cuidado de Salud,"Cambridge, Massachusetts",2010
Mohawk Industries,MHK,Consumo Discrecional,"Calhoun, Georgia",1878
Molina Healthcare,MOH,Cuidado de Salud,"Long Beach, California",1980
Molson Coors Beverage Company,TAP,Productos básicos,"Chicago, Illinois","2005 (Molson 1786, Coors 1873)"
Mondelez International,MDLZ,Productos básicos,"Chicago, Illinois",2012
Monolithic Power Systems,MPWR,Tecnología Informática,"Kirkland, Washington",1997
Monster Beverage,MNST,Productos básicos,"Corona, California",2012 (1935)
Moody's,MCO,Finanzas,"New York City, New York",1909
Morgan Stanley,MS,Finanzas,"New York City, New York",1935
The Mosaic Company,MOS,Materiales,"Tampa, Florida",2004 (1865 / 1909)
Motorola Solutions,MSI,Tecnología Informática,"Chicago, Illinois",1928 (2011)
MSCI,MSCI,Finanzas,"New York City, New York",1969
"Nasdaq, Inc.",NDAQ,Finanzas,"New York City, New York",1971
NetApp,NTAP,Tecnología Informática,"San Jose, California",1992
Netflix,NFLX,Servicios de Comunicación,"Los Gatos, California",1997
Newell Brands,NWL,Consumo Discrecional,"Atlanta, Georgia",1903
Newmont,NEM,Materiales,"Denver, Colorado",1921
News Corp (Class A),NWSA,Servicios de Comunicación,"New York City, New York",2013 (1980)
News Corp (Class B),NWS,Servicios de Comunicación,"New York City, New York",2013 (1980)
NextEra Energy,NEE,Utilidades,"Juno Beach, Florida",1984 (1925)
"Nike, Inc.",NKE,Consumo Discrecional,"Washington County, Oregon",1964
NiSource,NI,Utilidades,"Merrillville, Indiana",1912
Nordson Corporation,NDSN,Industriales,"Westlake, Ohio",1935
Norfolk Southern Railway,NSC,Industriales,"Atlanta, Georgia",1881/1894 (1980)
Northern Trust,NTRS,Finanzas,"Chicago, Illinois",1889
Northrop Grumman,NOC,Industriales,"West Falls Church, Virginia","1994 (Northrop 1939, Grumman 1930)"
Norwegian Cruise Line Holdings,NCLH,Consumo Discrecional,"Miami, Florida",2011 (1966)
NRG Energy,NRG,Utilidades,"Houston, Texas",1992
Nucor,NUE,Materiales,"Charlotte, North Carolina",1940
Nvidia,NVDA,Tecnología Informática,"Santa Clara, California",1993
"NVR, Inc.",NVR,Consumo Discrecional,"Reston, Virginia",1980
NXP Semiconductors,NXPI,Tecnología Informática,"Eindhoven, Netherlands",1953
O'Reilly Auto Parts,ORLY,Consumo Discrecional,"Springfield, Missouri",1957
Occidental Petroleum Corporation,OXY,Energía,"Houston, Texas",1920
Old Dominion,ODFL,Industriales,"Thomasville, North Carolina",1934
Omnicom Group,OMC,Servicios de Comunicación,"New York City, New York",1986
ON Semiconductor,ON,Tecnología Informática,"Phoenix, Arizona",1999
ONEOK,OKE,Energía,"Tulsa, Oklahoma",1906
Oracle Corporation,ORCL,Tecnología Informática,"Austin, Texas",1977
Organon & Co.,OGN,Cuidado de Salud,"Jersey City, New Jersey",2021
Otis Elevator Company,OTIS,Industriales,"Farmington, Connecticut",2020 (1853)
Paccar,PCAR,Industriales,"Bellevue, Washington",1905
Packaging Corporation of America,PKG,Materiales,"Lake Forest, Illinois",1959
Paramount Global,PARA,Servicios de Comunicación,"New York City, New York",2019 (1952)
Parker Hannifin,PH,Industriales,"Cleveland, Ohio",1917
Paychex,PAYX,Tecnología Informática,"Penfield, New York",1971
Paycom,PAYC,Tecnología Informática,"Oklahoma City, Oklahoma",1998
PayPal,PYPL,Tecnología Informática,"San Jose, California",1998
Pentair,PNR,Industriales,"Worsley, United Kingdom",1966
PepsiCo,PEP,Productos básicos,"Purchase, New York",1898
PerkinElmer,PKI,Cuidado de Salud,"Waltham, Massachusetts",1937
Pfizer,PFE,Cuidado de Salud,"New York City, New York",1849
PG&E Corporation,PCG,Utilidades,"San Francisco, California",1905
Philip Morris International,PM,Productos básicos,"New York City, New York",2008 (1847)
Phillips 66,PSX,Energía,"Houston, Texas",2012 (1917)
Pinnacle West,PNW,Utilidades,"Phoenix, Arizona",1985
Pioneer Natural Resources,PXD,Energía,"Irving, Texas",1997
PNC Financial Services,PNC,Finanzas,"Pittsburgh, Pennsylvania",1845
Pool Corporation,POOL,Consumo Discrecional,"Covington, Louisiana",1993
PPG Industries,PPG,Materiales,"Pittsburgh, Pennsylvania",1883
PPL Corporation,PPL,Utilidades,"Allentown, Pennsylvania",1920
Principal Financial Group,PFG,Finanzas,"Des Moines, Iowa",1879
Procter & Gamble,PG,Productos básicos,"Cincinnati, Ohio",1837
Progressive Corporation,PGR,Finanzas,"Mayfield Village, Ohio",1937
Prologis,PLD,Bienes Raíces,"San Francisco, California",1983
Prudential Financial,PRU,Finanzas,"Newark, New Jersey",1875
Public Service Enterprise Group,PEG,Utilidades,"Newark, New Jersey",1903
PTC,PTC,Tecnología Informática,"Boston, Massachusetts",1985
Public Storage,PSA,Bienes Raíces,"Glendale, California",1972
PulteGroup,PHM,Consumo Discrecional,"Atlanta, Georgia",1956
Qorvo,QRVO,Tecnología Informática,"Greensboro, North Carolina",2015
Quanta Services,PWR,Industriales,"Houston, Texas",1997
Qualcomm,QCOM,Tecnología Informática,"San Diego, California",1985
Quest Diagnostics,DGX,Cuidado de Salud,"Secaucus, New Jersey",1967
Ralph Lauren Corporation,RL,Consumo Discrecional,"New York City, New York",1967
Raymond James,RJF,Finanzas,"St. Petersburg, Florida",1962
Raytheon Technologies,RTX,Industriales,"Waltham, Massachusetts",1922
Realty Income,O,Bienes Raíces,"San Diego, California",1969
Regency Centers,REG,Bienes Raíces,"Jacksonville, Florida",1963
Regeneron,REGN,Cuidado de Salud,"Tarrytown, New York",1988
Regions Financial Corporation,RF,Finanzas,"Birmingham, Alabama",1971
Republic Services,RSG,Industriales,"Phoenix, Arizona",1998 (1981)
ResMed,RMD,Cuidado de Salud,"San Diego, California",1989
Robert Half,RHI,Industriales,"Menlo Park, California",1948
Rockwell Automation,ROK,Industriales,"Milwaukee, Wisconsin",1903
"Rollins, Inc.",ROL,Industriales,"Atlanta, Georgia",1948
Roper Technologies,ROP,Tecnología Informática,"Sarasota, Florida",1981
Ross Stores,ROST,Consumo Discrecional,"Dublin, California",1982
Royal Caribbean Group,RCL,Consumo Discrecional,"Miami, Florida",1997
S&P Global,SPGI,Finanzas,"New York City, New York",1917
Salesforce,CRM,Tecnología Informática,"San Francisco, California",1999
SBA Communications,SBAC,Bienes Raíces,"Boca Raton, Florida",1989
Schlumberger,SLB,Energía,"Curaçao, Kingdom of the Netherlands",1926
Seagate Technology,STX,Tecnología Informática,"Dublin, Ireland",1979
Sealed Air,SEE,Materiales,"Charlotte, North Carolina",1960
Sempra Energy,SRE,Utilidades,"San Diego, California",1998
ServiceNow,NOW,Tecnología Informática,"Santa Clara, California",2003
Sherwin-Williams,SHW,Materiales,"Cleveland, Ohio",1866
Signature Bank,SBNY,Finanzas,"New York City, New York",2001
Simon Property Group,SPG,Bienes Raíces,"Indianapolis, Indiana",2003
Skyworks Solutions,SWKS,Tecnología Informática,"Irvine, California",2002
The J.M. Smucker Company,SJM,Productos básicos,"Orrville, Ohio",1897
Snap-on,SNA,Industriales,"Kenosha, Wisconsin",1920
SolarEdge,SEDG,Tecnología Informática,"Herzliya, Israel",2006
Southern Company,SO,Utilidades,"Atlanta, Georgia",1945
Southwest Airlines,LUV,Industriales,"Dallas, Texas",1967
Stanley Black & Decker,SWK,Industriales,"New Britain, Connecticut",1843
Starbucks,SBUX,Consumo Discrecional,"Seattle, Washington",1971
State Street Corporation,STT,Finanzas,"Boston, Massachusetts",1792
Steel Dynamics,STLD,Materiales,"Fort Wayne, Indiana",1993
Steris,STE,Cuidado de Salud,"Dublin, Ireland",1985
Stryker Corporation,SYK,Cuidado de Salud,"Kalamazoo, Michigan",1941
SVB Financial,SIVB,Finanzas,"Santa Clara, California",1983
Synchrony Financial,SYF,Finanzas,"Stamford, Connecticut",2003
Synopsys,SNPS,Tecnología Informática,"Mountain View, California",1986
Sysco,SYY,Productos básicos,"Houston, Texas",1969
T-Mobile US,TMUS,Servicios de Comunicación,"Bellevue, Washington",1994
T. Rowe Price,TROW,Finanzas,"Baltimore, Maryland",1937
Take-Two Interactive,TTWO,Servicios de Comunicación,"New York City, New York",1993
"Tapestry, Inc.",TPR,Consumo Discrecional,"New York City, New York",2017
Targa Resources,TRGP,Energía,"Houston, Texas",2005
Target Corporation,TGT,Consumo Discrecional,"Minneapolis, Minnesota",1902
TE Connectivity,TEL,Tecnología Informática,"Schaffhausen, Switzerland",2007
Teledyne Technologies,TDY,Tecnología Informática,"Thousand Oaks, California",1960
Teleflex,TFX,Cuidado de Salud,"Wayne, Pennsylvania",1943
Teradyne,TER,Tecnología Informática,"North Reading, Massachusetts",1960
"Tesla, Inc.",TSLA,Consumo Discrecional,"Austin, Texas",2003
Texas Instruments,TXN,Tecnología Informática,"Dallas, Texas",1930
Textron,TXT,Industriales,"Providence, Rhode Island",1923
Thermo Fisher Scientific,TMO,Cuidado de Salud,"Waltham, Massachusetts",2006 (1902)
TJX Companies,TJX,Consumo Discrecional,"Framingham, Massachusetts",1987
Tractor Supply,TSCO,Consumo Discrecional,"Brentwood, Tennessee",1938
Trane Technologies,TT,Industriales,"Dublin, Ireland",1871
TransDigm Group,TDG,Industriales,"Cleveland, Ohio",1993
The Travelers Companies,TRV,Finanzas,"New York City, New York",1853
Trimble Inc.,TRMB,Tecnología Informática,"Westminster, Colorado",1978
Truist,TFC,Finanzas,"Charlotte, North Carolina",1872
Tyler Technologies,TYL,Tecnología Informática,"Plano, Texas",1966
Tyson Foods,TSN,Productos básicos,"Springdale, Arkansas",1935
U.S. Bank,USB,Finanzas,"Minneapolis, Minnesota",1968
"UDR, Inc.",UDR,Bienes Raíces,"Highlands Ranch, Colorado",1972
Ulta Beauty,ULTA,Consumo Discrecional,"Bolingbrook, Illinois",1990
Union Pacific Corporation,UNP,Industriales,"Omaha, Nebraska",1862
United Airlines Holdings,UAL,Industriales,"Chicago, Illinois",1967
United Parcel Service,UPS,Industriales,"Sandy Springs, Georgia",1907
United Rentals,URI,Industriales,"Stamford, Connecticut",1997
UnitedHealth Group,UNH,Cuidado de Salud,"Minnetonka, Minnesota",1977
Universal Health Services,UHS,Cuidado de Salud,"King of Prussia, Pennsylvania",1979
Valero Energy,VLO,Energía,"San Antonio, Texas",1980
Ventas,VTR,Bienes Raíces,"Chicago, Illinois",1998
Verisign,VRSN,Tecnología Informática,"Dulles, Virginia",1995
Verisk,VRSK,Industriales,"Jersey City, New Jersey",1971
Verizon,VZ,Servicios de Comunicación,"New York City, New York",1983 (1877)
Vertex Pharmaceuticals,VRTX,Cuidado de Salud,"Cambridge, Massachusetts",1989
VF Corporation,VFC,Consumo Discrecional,"Denver, Colorado",1899
Viatris,VTRS,Cuidado de Salud,"Pittsburgh, Pennsylvania",1961
Vici Properties,VICI,Bienes Raíces,"New York City, New York",2017
Visa Inc.,V,Tecnología Informática,"San Francisco, California",1958
Vulcan Materials Company,VMC,Materiales,"Birmingham, Alabama",1909
Wabtec,WAB,Industriales,"Pittsburgh, Pennsylvania",1999 (1869)
Walgreens Boots Alliance,WBA,Productos básicos,"Deerfield, Illinois",2014
Walmart,WMT,Productos básicos,"Bentonville, Arkansas",1962
Warner Bros. Discovery,WBD,Servicios de Comunicación,"New York City, New York",2022
Waste Management,WM,Industriales,"Houston, Texas",1968
Waters Corporation,WAT,Cuidado de Salud,"Milford, Massachusetts",1958
WEC Energy Group,WEC,Utilidades,"Milwaukee, Wisconsin",1896
Wells Fargo,WFC,Finanzas,"San Francisco, California",1852
Welltower,WELL,Bienes Raíces,"Toledo, Ohio",1970
West Pharmaceutical Services,WST,Cuidado de Salud,"Exton, Pennsylvania",1923
Western Digital,WDC,Tecnología Informática,"San Jose, California",1970
WestRock,WRK,Materiales,"Atlanta, Georgia",2015
Weyerhaeuser,WY,Bienes Raíces,"Seattle, Washington",1900
Whirlpool Corporation,WHR,Consumo Discrecional,"Benton Harbor, Michigan",1911
Williams Companies,WMB,Energía,"Tulsa, Oklahoma",1908
Willis Towers Watson,WTW,Finanzas,"London, United Kingdom",2016
W. W. Grainger,GWW,Industriales,"Lake Forest, Illinois",1927
Wynn Resorts,WYNN,Consumo Discrecional,"Paradise, Nevada",2002
Xcel Energy,XEL,Utilidades,"Minneapolis, Minnesota",1909
Xylem Inc.,XYL,Industriales,"White Plains, New York",2011
Yum! Brands,YUM,Consumo Discrecional,"Louisville, Kentucky",1997
Zebra Technologies,ZBRA,Tecnología Informática,"Lincolnshire, Illinois",1969
Zimmer Biomet,ZBH,Cuidado de Salud,"Warsaw, Indiana",1927
Zions Bancorporation,ZION,Finanzas,"Salt Lake City, Utah",1873
Zoetis,ZTS,Cuidado de Salud,"Parsippany, New Jersey",1952
